<marytts-install xmlns="http://mary.dfki.de/installer">
  <language locale="en-US" name="en-US" version="5.3-SNAPSHOT">
    <description>en-US language component</description>
    <license href="http://www.gnu.org/licenses/lgpl-3.0-standalone.html"/>
    <package filename="marytts-lang-en-US-5.3-SNAPSHOT.zip" md5sum="dummy" size="0">
      <location href="http://mary.dfki.de/download/5.3-SNAPSHOT/"/>
    </package>
    <files>lib/marytts-lang-en-US-5.3-SNAPSHOT.jar</files>
  </language>
</marytts-install>