<?xml version="1.0" encoding="UTF-8"?><marytts-install xmlns="http://mary.dfki.de/installer">
  <voice gender="female" locale="en-US" name="cmu-slt-hsmm" type="hsmm" version="5.3-SNAPSHOT">
    <description>A female US English Hidden semi-Markov model voice, built from voice recordings provided by Carnegie Mellon University</description>
    <license href="http://mary.dfki.de/download/voices/arctic-license.html"/>
    <package filename="voice-cmu-slt-hsmm-5.3-SNAPSHOT.zip" md5sum="5c64a9b3abd5cc1cb2f8f38254d8a2ef" size="1240817">
      <location folder="true" href="http://mary.dfki.de/download/5.3-SNAPSHOT/"/>
    </package>
    <files>lib/voice-cmu-slt-hsmm-5.3-SNAPSHOT.jar</files>
    <depends language="en-US" version="5.3-SNAPSHOT"/>
  </voice>
</marytts-install>
